INSERT INTO restaurant (id, name, created_date)
VALUES ('635DC3BD-C515-4D41-848B-BC487BB13810', 'Lardo', CURRENT_TIMESTAMP),
       ('DFE2CAB1-6A39-4426-8937-C1D89403E0F0', 'Panadería Rosetta', CURRENT_TIMESTAMP),
       ('B1E6728C-DA7C-4841-BBF3-BA7E97F7E07C', 'Tetetlán', CURRENT_TIMESTAMP),
       ('C52E1D11-757A-48DC-88E8-4BF9866CA53A', 'Falling Piano Brewing Co', CURRENT_TIMESTAMP),
       ('D42C8608-7D52-4EA3-823F-C59B68A33407', 'u.to.pi.a', CURRENT_TIMESTAMP);

INSERT INTO restaurant_endorsements (restaurant_id, endorsement)
VALUES ('635DC3BD-C515-4D41-848B-BC487BB13810', 'gluten'),
       ('DFE2CAB1-6A39-4426-8937-C1D89403E0F0', 'gluten'),
       ('DFE2CAB1-6A39-4426-8937-C1D89403E0F0', 'vegetarian'),
       ('B1E6728C-DA7C-4841-BBF3-BA7E97F7E07C', 'gluten'),
       ('B1E6728C-DA7C-4841-BBF3-BA7E97F7E07C', 'paleo'),
       ('D42C8608-7D52-4EA3-823F-C59B68A33407', 'vegan'),
       ('D42C8608-7D52-4EA3-823F-C59B68A33407', 'vegetarian');

INSERT INTO restaurant_tables (restaurant_id, size, quantity)
VALUES ('635DC3BD-C515-4D41-848B-BC487BB13810', 2, 4),
       ('635DC3BD-C515-4D41-848B-BC487BB13810', 4, 2),
       ('635DC3BD-C515-4D41-848B-BC487BB13810', 6, 1),
       ('DFE2CAB1-6A39-4426-8937-C1D89403E0F0', 2, 3),
       ('DFE2CAB1-6A39-4426-8937-C1D89403E0F0', 4, 2),
       ('DFE2CAB1-6A39-4426-8937-C1D89403E0F0', 6, 0),
       ('B1E6728C-DA7C-4841-BBF3-BA7E97F7E07C', 2, 2),
       ('B1E6728C-DA7C-4841-BBF3-BA7E97F7E07C', 4, 4),
       ('B1E6728C-DA7C-4841-BBF3-BA7E97F7E07C', 6, 1),
       ('C52E1D11-757A-48DC-88E8-4BF9866CA53A', 2, 5),
       ('C52E1D11-757A-48DC-88E8-4BF9866CA53A', 4, 5),
       ('C52E1D11-757A-48DC-88E8-4BF9866CA53A', 6, 5),
       ('D42C8608-7D52-4EA3-823F-C59B68A33407', 2, 2),
       ('D42C8608-7D52-4EA3-823F-C59B68A33407', 4, 0),
       ('D42C8608-7D52-4EA3-823F-C59B68A33407', 6, 0);
